--
-- PostgreSQL database dump
--

-- Dumped from database version 16.3
-- Dumped by pg_dump version 16.3

SET statement_timeout = 0;
SET lock_timeout = 0;
SET idle_in_transaction_session_timeout = 0;
SET client_encoding = 'UTF8';
SET standard_conforming_strings = on;
SELECT pg_catalog.set_config('search_path', '', false);
SET check_function_bodies = false;
SET xmloption = content;
SET client_min_messages = warning;
SET row_security = off;

SET default_tablespace = '';

SET default_table_access_method = heap;

--
-- Name: account_emailaddress; Type: TABLE; Schema: public; Owner: postgres
--

CREATE TABLE public.account_emailaddress (
    id integer NOT NULL,
    email character varying(254) NOT NULL,
    verified boolean NOT NULL,
    "primary" boolean NOT NULL,
    user_id bigint NOT NULL
);


ALTER TABLE public.account_emailaddress OWNER TO postgres;

--
-- Name: account_emailaddress_id_seq; Type: SEQUENCE; Schema: public; Owner: postgres
--

ALTER TABLE public.account_emailaddress ALTER COLUMN id ADD GENERATED BY DEFAULT AS IDENTITY (
    SEQUENCE NAME public.account_emailaddress_id_seq
    START WITH 1
    INCREMENT BY 1
    NO MINVALUE
    NO MAXVALUE
    CACHE 1
);


--
-- Name: account_emailconfirmation; Type: TABLE; Schema: public; Owner: postgres
--

CREATE TABLE public.account_emailconfirmation (
    id integer NOT NULL,
    created timestamp with time zone NOT NULL,
    sent timestamp with time zone,
    key character varying(64) NOT NULL,
    email_address_id integer NOT NULL
);


ALTER TABLE public.account_emailconfirmation OWNER TO postgres;

--
-- Name: account_emailconfirmation_id_seq; Type: SEQUENCE; Schema: public; Owner: postgres
--

ALTER TABLE public.account_emailconfirmation ALTER COLUMN id ADD GENERATED BY DEFAULT AS IDENTITY (
    SEQUENCE NAME public.account_emailconfirmation_id_seq
    START WITH 1
    INCREMENT BY 1
    NO MINVALUE
    NO MAXVALUE
    CACHE 1
);


--
-- Name: auth_group; Type: TABLE; Schema: public; Owner: postgres
--

CREATE TABLE public.auth_group (
    id integer NOT NULL,
    name character varying(150) NOT NULL
);


ALTER TABLE public.auth_group OWNER TO postgres;

--
-- Name: auth_group_id_seq; Type: SEQUENCE; Schema: public; Owner: postgres
--

ALTER TABLE public.auth_group ALTER COLUMN id ADD GENERATED BY DEFAULT AS IDENTITY (
    SEQUENCE NAME public.auth_group_id_seq
    START WITH 1
    INCREMENT BY 1
    NO MINVALUE
    NO MAXVALUE
    CACHE 1
);


--
-- Name: auth_group_permissions; Type: TABLE; Schema: public; Owner: postgres
--

CREATE TABLE public.auth_group_permissions (
    id bigint NOT NULL,
    group_id integer NOT NULL,
    permission_id integer NOT NULL
);


ALTER TABLE public.auth_group_permissions OWNER TO postgres;

--
-- Name: auth_group_permissions_id_seq; Type: SEQUENCE; Schema: public; Owner: postgres
--

ALTER TABLE public.auth_group_permissions ALTER COLUMN id ADD GENERATED BY DEFAULT AS IDENTITY (
    SEQUENCE NAME public.auth_group_permissions_id_seq
    START WITH 1
    INCREMENT BY 1
    NO MINVALUE
    NO MAXVALUE
    CACHE 1
);


--
-- Name: auth_permission; Type: TABLE; Schema: public; Owner: postgres
--

CREATE TABLE public.auth_permission (
    id integer NOT NULL,
    name character varying(255) NOT NULL,
    content_type_id integer NOT NULL,
    codename character varying(100) NOT NULL
);


ALTER TABLE public.auth_permission OWNER TO postgres;

--
-- Name: auth_permission_id_seq; Type: SEQUENCE; Schema: public; Owner: postgres
--

ALTER TABLE public.auth_permission ALTER COLUMN id ADD GENERATED BY DEFAULT AS IDENTITY (
    SEQUENCE NAME public.auth_permission_id_seq
    START WITH 1
    INCREMENT BY 1
    NO MINVALUE
    NO MAXVALUE
    CACHE 1
);


--
-- Name: django_admin_log; Type: TABLE; Schema: public; Owner: postgres
--

CREATE TABLE public.django_admin_log (
    id integer NOT NULL,
    action_time timestamp with time zone NOT NULL,
    object_id text,
    object_repr character varying(200) NOT NULL,
    action_flag smallint NOT NULL,
    change_message text NOT NULL,
    content_type_id integer,
    user_id bigint NOT NULL,
    CONSTRAINT django_admin_log_action_flag_check CHECK ((action_flag >= 0))
);


ALTER TABLE public.django_admin_log OWNER TO postgres;

--
-- Name: django_admin_log_id_seq; Type: SEQUENCE; Schema: public; Owner: postgres
--

ALTER TABLE public.django_admin_log ALTER COLUMN id ADD GENERATED BY DEFAULT AS IDENTITY (
    SEQUENCE NAME public.django_admin_log_id_seq
    START WITH 1
    INCREMENT BY 1
    NO MINVALUE
    NO MAXVALUE
    CACHE 1
);


--
-- Name: django_content_type; Type: TABLE; Schema: public; Owner: postgres
--

CREATE TABLE public.django_content_type (
    id integer NOT NULL,
    app_label character varying(100) NOT NULL,
    model character varying(100) NOT NULL
);


ALTER TABLE public.django_content_type OWNER TO postgres;

--
-- Name: django_content_type_id_seq; Type: SEQUENCE; Schema: public; Owner: postgres
--

ALTER TABLE public.django_content_type ALTER COLUMN id ADD GENERATED BY DEFAULT AS IDENTITY (
    SEQUENCE NAME public.django_content_type_id_seq
    START WITH 1
    INCREMENT BY 1
    NO MINVALUE
    NO MAXVALUE
    CACHE 1
);


--
-- Name: django_migrations; Type: TABLE; Schema: public; Owner: postgres
--

CREATE TABLE public.django_migrations (
    id bigint NOT NULL,
    app character varying(255) NOT NULL,
    name character varying(255) NOT NULL,
    applied timestamp with time zone NOT NULL
);


ALTER TABLE public.django_migrations OWNER TO postgres;

--
-- Name: django_migrations_id_seq; Type: SEQUENCE; Schema: public; Owner: postgres
--

ALTER TABLE public.django_migrations ALTER COLUMN id ADD GENERATED BY DEFAULT AS IDENTITY (
    SEQUENCE NAME public.django_migrations_id_seq
    START WITH 1
    INCREMENT BY 1
    NO MINVALUE
    NO MAXVALUE
    CACHE 1
);


--
-- Name: django_session; Type: TABLE; Schema: public; Owner: postgres
--

CREATE TABLE public.django_session (
    session_key character varying(40) NOT NULL,
    session_data text NOT NULL,
    expire_date timestamp with time zone NOT NULL
);


ALTER TABLE public.django_session OWNER TO postgres;

--
-- Name: django_site; Type: TABLE; Schema: public; Owner: postgres
--

CREATE TABLE public.django_site (
    id integer NOT NULL,
    domain character varying(100) NOT NULL,
    name character varying(50) NOT NULL
);


ALTER TABLE public.django_site OWNER TO postgres;

--
-- Name: django_site_id_seq; Type: SEQUENCE; Schema: public; Owner: postgres
--

ALTER TABLE public.django_site ALTER COLUMN id ADD GENERATED BY DEFAULT AS IDENTITY (
    SEQUENCE NAME public.django_site_id_seq
    START WITH 1
    INCREMENT BY 1
    NO MINVALUE
    NO MAXVALUE
    CACHE 1
);


--
-- Name: tracker_college; Type: TABLE; Schema: public; Owner: postgres
--

CREATE TABLE public.tracker_college (
    id bigint NOT NULL,
    college_name character varying(200) NOT NULL,
    college_abbrev character varying(200) NOT NULL
);


ALTER TABLE public.tracker_college OWNER TO postgres;

--
-- Name: tracker_college_id_seq; Type: SEQUENCE; Schema: public; Owner: postgres
--

ALTER TABLE public.tracker_college ALTER COLUMN id ADD GENERATED BY DEFAULT AS IDENTITY (
    SEQUENCE NAME public.tracker_college_id_seq
    START WITH 1
    INCREMENT BY 1
    NO MINVALUE
    NO MAXVALUE
    CACHE 1
);


--
-- Name: tracker_course; Type: TABLE; Schema: public; Owner: postgres
--

CREATE TABLE public.tracker_course (
    id bigint NOT NULL,
    course_code character varying(200) NOT NULL,
    course_title character varying(200) NOT NULL,
    course_description character varying(450) NOT NULL,
    demand integer NOT NULL,
    is_elective boolean NOT NULL,
    units integer NOT NULL,
    "can_COI" boolean NOT NULL,
    subject_code_id bigint,
    first_prio integer NOT NULL,
    fourth_prio integer NOT NULL,
    second_prio integer NOT NULL,
    third_prio integer NOT NULL,
    department_id bigint
);


ALTER TABLE public.tracker_course OWNER TO postgres;

--
-- Name: tracker_course_id_seq; Type: SEQUENCE; Schema: public; Owner: postgres
--

ALTER TABLE public.tracker_course ALTER COLUMN id ADD GENERATED BY DEFAULT AS IDENTITY (
    SEQUENCE NAME public.tracker_course_id_seq
    START WITH 1
    INCREMENT BY 1
    NO MINVALUE
    NO MAXVALUE
    CACHE 1
);


--
-- Name: tracker_course_prereqs; Type: TABLE; Schema: public; Owner: postgres
--

CREATE TABLE public.tracker_course_prereqs (
    id bigint NOT NULL,
    from_course_id bigint NOT NULL,
    to_course_id bigint NOT NULL
);


ALTER TABLE public.tracker_course_prereqs OWNER TO postgres;

--
-- Name: tracker_course_prereqs_id_seq; Type: SEQUENCE; Schema: public; Owner: postgres
--

ALTER TABLE public.tracker_course_prereqs ALTER COLUMN id ADD GENERATED BY DEFAULT AS IDENTITY (
    SEQUENCE NAME public.tracker_course_prereqs_id_seq
    START WITH 1
    INCREMENT BY 1
    NO MINVALUE
    NO MAXVALUE
    CACHE 1
);


--
-- Name: tracker_course_sem_offered; Type: TABLE; Schema: public; Owner: postgres
--

CREATE TABLE public.tracker_course_sem_offered (
    id bigint NOT NULL,
    course_id bigint NOT NULL,
    semester_id bigint NOT NULL
);


ALTER TABLE public.tracker_course_sem_offered OWNER TO postgres;

--
-- Name: tracker_course_sem_offered_id_seq; Type: SEQUENCE; Schema: public; Owner: postgres
--

ALTER TABLE public.tracker_course_sem_offered ALTER COLUMN id ADD GENERATED BY DEFAULT AS IDENTITY (
    SEQUENCE NAME public.tracker_course_sem_offered_id_seq
    START WITH 1
    INCREMENT BY 1
    NO MINVALUE
    NO MAXVALUE
    CACHE 1
);


--
-- Name: tracker_degreeprogram; Type: TABLE; Schema: public; Owner: postgres
--

CREATE TABLE public.tracker_degreeprogram (
    id bigint NOT NULL,
    degree_title character varying(200) NOT NULL,
    degree_abbbrev character varying(200) NOT NULL,
    college_id bigint
);


ALTER TABLE public.tracker_degreeprogram OWNER TO postgres;

--
-- Name: tracker_degreeprogram_id_seq; Type: SEQUENCE; Schema: public; Owner: postgres
--

ALTER TABLE public.tracker_degreeprogram ALTER COLUMN id ADD GENERATED BY DEFAULT AS IDENTITY (
    SEQUENCE NAME public.tracker_degreeprogram_id_seq
    START WITH 1
    INCREMENT BY 1
    NO MINVALUE
    NO MAXVALUE
    CACHE 1
);


--
-- Name: tracker_department; Type: TABLE; Schema: public; Owner: postgres
--

CREATE TABLE public.tracker_department (
    id bigint NOT NULL,
    department_name character varying(200) NOT NULL,
    department_abbrev character varying(200) NOT NULL,
    college_id bigint
);


ALTER TABLE public.tracker_department OWNER TO postgres;

--
-- Name: tracker_department_id_seq; Type: SEQUENCE; Schema: public; Owner: postgres
--

ALTER TABLE public.tracker_department ALTER COLUMN id ADD GENERATED BY DEFAULT AS IDENTITY (
    SEQUENCE NAME public.tracker_department_id_seq
    START WITH 1
    INCREMENT BY 1
    NO MINVALUE
    NO MAXVALUE
    CACHE 1
);


--
-- Name: tracker_semester; Type: TABLE; Schema: public; Owner: postgres
--

CREATE TABLE public.tracker_semester (
    id bigint NOT NULL,
    semester character varying(200) NOT NULL
);


ALTER TABLE public.tracker_semester OWNER TO postgres;

--
-- Name: tracker_semester_id_seq; Type: SEQUENCE; Schema: public; Owner: postgres
--

ALTER TABLE public.tracker_semester ALTER COLUMN id ADD GENERATED BY DEFAULT AS IDENTITY (
    SEQUENCE NAME public.tracker_semester_id_seq
    START WITH 1
    INCREMENT BY 1
    NO MINVALUE
    NO MAXVALUE
    CACHE 1
);


--
-- Name: tracker_student; Type: TABLE; Schema: public; Owner: postgres
--

CREATE TABLE public.tracker_student (
    id bigint NOT NULL,
    password character varying(128) NOT NULL,
    last_login timestamp with time zone,
    is_superuser boolean NOT NULL,
    username character varying(200) NOT NULL,
    first_name character varying(200) NOT NULL,
    last_name character varying(200) NOT NULL,
    is_staff boolean NOT NULL,
    is_active boolean NOT NULL,
    date_joined timestamp with time zone NOT NULL,
    email character varying(254) NOT NULL,
    student_id character varying(200) NOT NULL,
    student_deg_prog character varying(200) NOT NULL,
    batch character varying(4) NOT NULL,
    priority_level integer NOT NULL,
    deg_prog_id bigint
);


ALTER TABLE public.tracker_student OWNER TO postgres;

--
-- Name: tracker_student_groups; Type: TABLE; Schema: public; Owner: postgres
--

CREATE TABLE public.tracker_student_groups (
    id bigint NOT NULL,
    student_id bigint NOT NULL,
    group_id integer NOT NULL
);


ALTER TABLE public.tracker_student_groups OWNER TO postgres;

--
-- Name: tracker_student_groups_id_seq; Type: SEQUENCE; Schema: public; Owner: postgres
--

ALTER TABLE public.tracker_student_groups ALTER COLUMN id ADD GENERATED BY DEFAULT AS IDENTITY (
    SEQUENCE NAME public.tracker_student_groups_id_seq
    START WITH 1
    INCREMENT BY 1
    NO MINVALUE
    NO MAXVALUE
    CACHE 1
);


--
-- Name: tracker_student_id_seq; Type: SEQUENCE; Schema: public; Owner: postgres
--

ALTER TABLE public.tracker_student ALTER COLUMN id ADD GENERATED BY DEFAULT AS IDENTITY (
    SEQUENCE NAME public.tracker_student_id_seq
    START WITH 1
    INCREMENT BY 1
    NO MINVALUE
    NO MAXVALUE
    CACHE 1
);


--
-- Name: tracker_student_shopping_cart; Type: TABLE; Schema: public; Owner: postgres
--

CREATE TABLE public.tracker_student_shopping_cart (
    id bigint NOT NULL,
    student_id bigint NOT NULL,
    course_id bigint NOT NULL
);


ALTER TABLE public.tracker_student_shopping_cart OWNER TO postgres;

--
-- Name: tracker_student_shopping_cart_id_seq; Type: SEQUENCE; Schema: public; Owner: postgres
--

ALTER TABLE public.tracker_student_shopping_cart ALTER COLUMN id ADD GENERATED BY DEFAULT AS IDENTITY (
    SEQUENCE NAME public.tracker_student_shopping_cart_id_seq
    START WITH 1
    INCREMENT BY 1
    NO MINVALUE
    NO MAXVALUE
    CACHE 1
);


--
-- Name: tracker_student_user_permissions; Type: TABLE; Schema: public; Owner: postgres
--

CREATE TABLE public.tracker_student_user_permissions (
    id bigint NOT NULL,
    student_id bigint NOT NULL,
    permission_id integer NOT NULL
);


ALTER TABLE public.tracker_student_user_permissions OWNER TO postgres;

--
-- Name: tracker_student_user_permissions_id_seq; Type: SEQUENCE; Schema: public; Owner: postgres
--

ALTER TABLE public.tracker_student_user_permissions ALTER COLUMN id ADD GENERATED BY DEFAULT AS IDENTITY (
    SEQUENCE NAME public.tracker_student_user_permissions_id_seq
    START WITH 1
    INCREMENT BY 1
    NO MINVALUE
    NO MAXVALUE
    CACHE 1
);


--
-- Name: tracker_subject; Type: TABLE; Schema: public; Owner: postgres
--

CREATE TABLE public.tracker_subject (
    id bigint NOT NULL,
    subject_name character varying(200) NOT NULL,
    subject_code character varying(200) NOT NULL
);


ALTER TABLE public.tracker_subject OWNER TO postgres;

--
-- Name: tracker_subject_id_seq; Type: SEQUENCE; Schema: public; Owner: postgres
--

ALTER TABLE public.tracker_subject ALTER COLUMN id ADD GENERATED BY DEFAULT AS IDENTITY (
    SEQUENCE NAME public.tracker_subject_id_seq
    START WITH 1
    INCREMENT BY 1
    NO MINVALUE
    NO MAXVALUE
    CACHE 1
);


--
-- Data for Name: account_emailaddress; Type: TABLE DATA; Schema: public; Owner: postgres
--

COPY public.account_emailaddress (id, email, verified, "primary", user_id) FROM stdin;
\.


--
-- Data for Name: account_emailconfirmation; Type: TABLE DATA; Schema: public; Owner: postgres
--

COPY public.account_emailconfirmation (id, created, sent, key, email_address_id) FROM stdin;
\.


--
-- Data for Name: auth_group; Type: TABLE DATA; Schema: public; Owner: postgres
--

COPY public.auth_group (id, name) FROM stdin;
\.


--
-- Data for Name: auth_group_permissions; Type: TABLE DATA; Schema: public; Owner: postgres
--

COPY public.auth_group_permissions (id, group_id, permission_id) FROM stdin;
\.


--
-- Data for Name: auth_permission; Type: TABLE DATA; Schema: public; Owner: postgres
--

COPY public.auth_permission (id, name, content_type_id, codename) FROM stdin;
1	Can add college	1	add_college
2	Can change college	1	change_college
3	Can delete college	1	delete_college
4	Can view college	1	view_college
5	Can add semester	2	add_semester
6	Can change semester	2	change_semester
7	Can delete semester	2	delete_semester
8	Can view semester	2	view_semester
9	Can add subject	3	add_subject
10	Can change subject	3	change_subject
11	Can delete subject	3	delete_subject
12	Can view subject	3	view_subject
13	Can add department	4	add_department
14	Can change department	4	change_department
15	Can delete department	4	delete_department
16	Can view department	4	view_department
17	Can add course	5	add_course
18	Can change course	5	change_course
19	Can delete course	5	delete_course
20	Can view course	5	view_course
21	Can add user	6	add_student
22	Can change user	6	change_student
23	Can delete user	6	delete_student
24	Can view user	6	view_student
25	Can add log entry	7	add_logentry
26	Can change log entry	7	change_logentry
27	Can delete log entry	7	delete_logentry
28	Can view log entry	7	view_logentry
29	Can add permission	8	add_permission
30	Can change permission	8	change_permission
31	Can delete permission	8	delete_permission
32	Can view permission	8	view_permission
33	Can add group	9	add_group
34	Can change group	9	change_group
35	Can delete group	9	delete_group
36	Can view group	9	view_group
37	Can add content type	10	add_contenttype
38	Can change content type	10	change_contenttype
39	Can delete content type	10	delete_contenttype
40	Can view content type	10	view_contenttype
41	Can add session	11	add_session
42	Can change session	11	change_session
43	Can delete session	11	delete_session
44	Can view session	11	view_session
45	Can add site	12	add_site
46	Can change site	12	change_site
47	Can delete site	12	delete_site
48	Can view site	12	view_site
49	Can add email address	13	add_emailaddress
50	Can change email address	13	change_emailaddress
51	Can delete email address	13	delete_emailaddress
52	Can view email address	13	view_emailaddress
53	Can add email confirmation	14	add_emailconfirmation
54	Can change email confirmation	14	change_emailconfirmation
55	Can delete email confirmation	14	delete_emailconfirmation
56	Can view email confirmation	14	view_emailconfirmation
57	Can add degree program	15	add_degreeprogram
58	Can change degree program	15	change_degreeprogram
59	Can delete degree program	15	delete_degreeprogram
60	Can view degree program	15	view_degreeprogram
\.


--
-- Data for Name: django_admin_log; Type: TABLE DATA; Schema: public; Owner: postgres
--

COPY public.django_admin_log (id, action_time, object_id, object_repr, action_flag, change_message, content_type_id, user_id) FROM stdin;
1	2024-03-08 18:05:07.462885+08	1	CAS	1	[{"added": {}}]	1	1
2	2024-03-08 18:06:02.16234+08	1	ICS	1	[{"added": {}}]	4	1
3	2024-03-08 18:06:10.14121+08	1	First	1	[{"added": {}}]	2	1
4	2024-03-08 18:06:26.369316+08	1	CMSC	1	[{"added": {}}]	3	1
5	2024-03-08 18:07:02.370921+08	2	Second	1	[{"added": {}}]	2	1
6	2024-03-08 18:07:26.059965+08	1	CMSC 161	1	[{"added": {}}]	5	1
7	2024-04-06 22:15:16.803811+08	1	BS Computer Science	1	[{"added": {}}]	15	1
8	2024-05-09 13:23:54.723623+08	2	CMSC 165	1	[{"added": {}}]	5	1
9	2024-05-09 13:33:02.007004+08	1	CMSC 161	2	[{"changed": {"fields": ["Department"]}}]	5	1
10	2024-05-09 13:33:05.42431+08	1	CMSC 161	2	[]	5	1
11	2024-05-09 13:33:10.276846+08	2	CMSC 165	2	[{"changed": {"fields": ["Department"]}}]	5	1
\.


--
-- Data for Name: django_content_type; Type: TABLE DATA; Schema: public; Owner: postgres
--

COPY public.django_content_type (id, app_label, model) FROM stdin;
1	tracker	college
2	tracker	semester
3	tracker	subject
4	tracker	department
5	tracker	course
6	tracker	student
7	admin	logentry
8	auth	permission
9	auth	group
10	contenttypes	contenttype
11	sessions	session
12	sites	site
13	account	emailaddress
14	account	emailconfirmation
15	tracker	degreeprogram
\.


--
-- Data for Name: django_migrations; Type: TABLE DATA; Schema: public; Owner: postgres
--

COPY public.django_migrations (id, app, name, applied) FROM stdin;
1	contenttypes	0001_initial	2024-03-04 22:57:55.927008+08
2	contenttypes	0002_remove_content_type_name	2024-03-04 22:57:55.93201+08
3	auth	0001_initial	2024-03-04 22:57:56.318963+08
4	auth	0002_alter_permission_name_max_length	2024-03-04 22:57:56.322962+08
5	auth	0003_alter_user_email_max_length	2024-03-04 22:57:56.325963+08
6	auth	0004_alter_user_username_opts	2024-03-04 22:57:56.329962+08
7	auth	0005_alter_user_last_login_null	2024-03-04 22:57:56.333965+08
8	auth	0006_require_contenttypes_0002	2024-03-04 22:57:56.335963+08
9	auth	0007_alter_validators_add_error_messages	2024-03-04 22:57:56.339963+08
10	auth	0008_alter_user_username_max_length	2024-03-04 22:57:56.342963+08
11	auth	0009_alter_user_last_name_max_length	2024-03-04 22:57:56.346963+08
12	auth	0010_alter_group_name_max_length	2024-03-04 22:57:56.351962+08
13	auth	0011_update_proxy_permissions	2024-03-04 22:57:56.354963+08
14	auth	0012_alter_user_first_name_max_length	2024-03-04 22:57:56.358963+08
15	tracker	0001_initial	2024-03-04 22:57:57.852801+08
16	account	0001_initial	2024-03-04 22:57:58.193414+08
17	account	0002_email_max_length	2024-03-04 22:57:58.203414+08
18	account	0003_alter_emailaddress_create_unique_verified_email	2024-03-04 22:57:58.475792+08
19	account	0004_alter_emailaddress_drop_unique_email	2024-03-04 22:57:58.4888+08
20	account	0005_emailaddress_idx_upper_email	2024-03-04 22:57:58.542851+08
21	admin	0001_initial	2024-03-04 22:57:58.768997+08
22	admin	0002_logentry_remove_auto_add	2024-03-04 22:57:58.775997+08
23	admin	0003_logentry_add_action_flag_choices	2024-03-04 22:57:58.784001+08
24	sessions	0001_initial	2024-03-04 22:57:58.968485+08
25	sites	0001_initial	2024-03-04 22:57:59.00981+08
26	sites	0002_alter_domain_unique	2024-03-04 22:57:59.117873+08
27	tracker	0002_alter_student_username	2024-03-23 01:12:46.371969+08
28	tracker	0003_student_batch	2024-04-04 20:10:32.085575+08
29	tracker	0004_remove_student_student_name_alter_student_first_name_and_more	2024-04-04 23:16:15.501548+08
30	tracker	0005_student_student_name	2024-04-04 23:16:15.540549+08
31	tracker	0006_remove_student_student_name	2024-04-04 23:17:20.959715+08
32	tracker	0007_student_priority_level	2024-04-06 11:28:24.380499+08
33	tracker	0008_alter_student_student_id	2024-04-06 13:54:40.992865+08
34	tracker	0009_alter_student_priority_level_degreeprogram	2024-04-06 22:06:58.160767+08
35	tracker	0010_student_deg_prog	2024-04-07 17:30:58.705411+08
36	tracker	0011_course_first_prio_course_fourth_prio_and_more	2024-04-07 17:56:55.728332+08
37	tracker	0012_remove_course_department_course_department	2024-05-09 13:32:18.814+08
\.


--
-- Data for Name: django_session; Type: TABLE DATA; Schema: public; Owner: postgres
--

COPY public.django_session (session_key, session_data, expire_date) FROM stdin;
cmypchhwscs1o28tplu74z62j7tvx5og	.eJxVi7sKwzAMAP9Fcwm27Fhxx0K-w0iOjEMfg5NMpf_eBDK023HHvSHxtta0LdrSPMEVLFx-nXC-6-sIazuwdafpxifPj9uZ_57KS90HX7DYgZQcssveGeoLxUjOGpY9USAbGBkHCdqLZKGoyF7Vi5lshM8XozoynA:1rh9o4:IWGiIvhGf_2bwNHATuVZ_HldsppDBqzhlUpe5lZt4dI	2024-03-18 23:00:44.523438+08
pmdv1kgp5wshjklzod9zm1ke74lmoknc	.eJxVi7sKwzAMAP9Fcwm27Fhxx0K-w0iOjEMfg5NMpf_eBDK023HHvSHxtta0LdrSPMEVLFx-nXC-6-sIazuwdafpxifPj9uZ_57KS90HX7DYgZQcssveGeoLxUjOGpY9USAbGBkHCdqLZKGoyF7Vi5lshM8XozoynA:1riX2J:RondtehpIi-i4OJFF578Hx-fvCnavFhyUcsjyPNzA_o	2024-03-22 18:01:07.211742+08
79xmwnurjrvtb6iunpxo21trdxn2imf7	.eJxVi7sOwyAMAP-FuYoIxjbpWKnfgcBgEfUxkGSq-u9tpAztdrrTvUxM29rittQe52LOZrTm9Ctzklt97mXtO_bhMMP1keb75ch_T0tL-w6AnmUkBEnMWtULBesUSR1IcJ64WIWQC_FUMXMJGKR4Sw4mAKfm_QHLHDJe:1roGpU:z-yDUysqpZRPAaiea5MpA2w8KlG567TPSU7HtPZ6acc	2024-04-07 13:55:36.906896+08
e5bvg0dwzme3mposzrveavk3ajrd9fjz	.eJxVi8sOgyAQAP-Fc2PYXVDosYnfQRYWgunjgHpq-u9q4sHeJjOZrwq8LjWsc25hEnVXgOp2lZHTM3-OsrQDW3eabnzz9Hqc-e-pPNd90MNgQHoH2mUUtsZbYY1CsVAvCA6yKaIjkZWS_A4o3oIjZFN0IvXbAMaEMos:1rsOwT:_aIigdKuAmcE7wCur08yhgEgDGPN_jMbYM43J10Xf20	2024-04-18 23:23:53.869667+08
ul3gafyiy71fljrmgmz2x3twu2jor47i	.eJxVi8sOgyAQAP-Fc2PYXVDosYnfQRYWgunjgHpq-u9q4sHeJjOZrwq8LjWsc25hEnVXgOp2lZHTM3-OsrQDW3eabnzz9Hqc-e-pPNd90MNgQHoH2mUUtsZbYY1CsVAvCA6yKaIjkZWS_A4o3oIjZFN0IvXbAMaEMos:1rtQca:ZcT5Z5ent643IXunZ73XDVMBUnjsqwYs0LWpRLARIx0	2024-04-21 19:23:36.037847+08
702fjpao3y24vnttgym3r09fws89exmg	e30:1s4QIu:m5w2AO8HjT8nOzD_RAKODHAF_l2cIFQtIaKd1PIi27Q	2024-05-22 03:16:44.970329+08
zj2zgzlol1ej6nd7o6qad8vp08yl1s07	.eJxVizsOgzAQBe_iOkKY9TdlJM5hrXfXMsqnMFBFuTsgUZDuaebNVyVcl5rWWVqaWN2VVrcry0hP-Rxiacds3Um68Y3T63Hqv6biXPdALFJxPmdP4q1mDgCaSjYENhYNA_sYxA2Iho2EHveXwb44ioFBQP025BAznA:1s4iOm:Bp77FMaUTrVDOTrnQpHMFyiPVQxj5QtcSaMQn3Dx3yw	2024-05-22 22:36:00.207821+08
\.


--
-- Data for Name: django_site; Type: TABLE DATA; Schema: public; Owner: postgres
--

COPY public.django_site (id, domain, name) FROM stdin;
1	example.com	example.com
\.


--
-- Data for Name: tracker_college; Type: TABLE DATA; Schema: public; Owner: postgres
--

COPY public.tracker_college (id, college_name, college_abbrev) FROM stdin;
1	College of Arts and Sciences	CAS
\.


--
-- Data for Name: tracker_course; Type: TABLE DATA; Schema: public; Owner: postgres
--

COPY public.tracker_course (id, course_code, course_title, course_description, demand, is_elective, units, "can_COI", subject_code_id, first_prio, fourth_prio, second_prio, third_prio, department_id) FROM stdin;
1	161	Interactive Computer Graphics	computer graphics	0	t	3	f	1	0	0	0	0	1
2	165	Digital Image Processing	Picture picture	0	t	3	t	1	0	0	0	0	1
\.


--
-- Data for Name: tracker_course_prereqs; Type: TABLE DATA; Schema: public; Owner: postgres
--

COPY public.tracker_course_prereqs (id, from_course_id, to_course_id) FROM stdin;
\.


--
-- Data for Name: tracker_course_sem_offered; Type: TABLE DATA; Schema: public; Owner: postgres
--

COPY public.tracker_course_sem_offered (id, course_id, semester_id) FROM stdin;
1	1	2
2	2	1
\.


--
-- Data for Name: tracker_degreeprogram; Type: TABLE DATA; Schema: public; Owner: postgres
--

COPY public.tracker_degreeprogram (id, degree_title, degree_abbbrev, college_id) FROM stdin;
1	BS Computer Science	BSCS	1
\.


--
-- Data for Name: tracker_department; Type: TABLE DATA; Schema: public; Owner: postgres
--

COPY public.tracker_department (id, department_name, department_abbrev, college_id) FROM stdin;
1	Institute of Computer Science	ICS	1
\.


--
-- Data for Name: tracker_semester; Type: TABLE DATA; Schema: public; Owner: postgres
--

COPY public.tracker_semester (id, semester) FROM stdin;
1	First
2	Second
\.


--
-- Data for Name: tracker_student; Type: TABLE DATA; Schema: public; Owner: postgres
--

COPY public.tracker_student (id, password, last_login, is_superuser, username, first_name, last_name, is_staff, is_active, date_joined, email, student_id, student_deg_prog, batch, priority_level, deg_prog_id) FROM stdin;
12	pbkdf2_sha256$600000$8VBAC7MZ4JPHOIo78smzEI$uICuGNq6hIh3d6aJIJRvfJiF34jCHlbkTBODtqI6Vis=	2024-04-07 19:23:36.036847+08	f	John Maui Borja	John Maui	Borja	f	t	2024-04-04 23:21:55.58284+08	voldetort17@gmail.com	2020-12062		2020	1	\N
35	pbkdf2_sha256$600000$JNM2J8OMR9QcLB3QNKO1Ui$gSQ22Br6u0eALNgicalYvCOqyFXQ/l4VeYwKaHftnGk=	2024-04-27 19:48:22.777465+08	f	Casey Galang	Casey	Galang	f	t	2024-04-06 19:13:15.564231+08	kc@gmail.com	2022-12063		2022	3	\N
14	pbkdf2_sha256$600000$7f91pXloOBUzdSMVyq4y9F$lxz/HGG/8gpC3i2h2AKmyLNJIWDNDFjbN6r5jM3UnQs=	2024-04-06 13:54:06.197389+08	f	Cady Galang	Cady	Galang	f	t	2024-04-06 13:53:57.424843+08	antibayani@gmail.com	2023-12056		2023	4	\N
13	pbkdf2_sha256$600000$Kee9RaYvYcdQEuhPZOaKr9$VRTe1msTld45i5ARDCJwUzjK4m3Uz08JgH+7HrTyaZ0=	\N	f	Maui Maui	Maui	Maui	f	t	2024-04-06 13:19:05.126751+08	ragertroll17@gmail.com	2020-12065		2020	1	\N
34	pbkdf2_sha256$600000$uNkP92K1nPqA30jravSWXH$OmP8qMZ8jV6n0+265m3lhmR4kNI/6Q+YtqZD54lALPA=	\N	f	Casey Sheesh	Casey	Sheesh	f	t	2024-04-06 19:10:51.641249+08	onigiri@gmail.com	2023-12055		2023	4	\N
36	pbkdf2_sha256$600000$cR5L5zXrIylPnRGlp4tgKy$BbcZUnrzId88kFCEBz6e8FvJsYgBdQw2vcF/NqN1fTM=	2024-05-08 03:17:02.433579+08	f	Cady Galang	Cady	Galang	f	t	2024-05-08 03:16:44.246615+08	kd@gmail.com	2020-12067	BS Computer Science	2020	1	1
37	pbkdf2_sha256$600000$80BODKdd6NwBxExsvXOyW5$4ljghhXzjOIcNagxz9Zf2ehnraNNh82vNkDTlppy3HA=	2024-05-08 03:18:01.70655+08	f	Shaeena Caliguiran	Shaeena	Caliguiran	f	t	2024-05-08 03:18:00.884549+08	eena@gmail.com	2024-12062	BS Computer Science	2024	4	1
1	pbkdf2_sha256$600000$k0c1lFppVSAS350iIdcySw$f1bWosc3P5Jaww84GOwYmCD7jkygpVvO/yVmMPU1QSU=	2024-05-08 22:36:00.171821+08	t	admin			t	t	2024-03-04 22:58:20.64507+08	jsborja1@up.edu.ph	1		2020	0	\N
\.


--
-- Data for Name: tracker_student_groups; Type: TABLE DATA; Schema: public; Owner: postgres
--

COPY public.tracker_student_groups (id, student_id, group_id) FROM stdin;
\.


--
-- Data for Name: tracker_student_shopping_cart; Type: TABLE DATA; Schema: public; Owner: postgres
--

COPY public.tracker_student_shopping_cart (id, student_id, course_id) FROM stdin;
\.


--
-- Data for Name: tracker_student_user_permissions; Type: TABLE DATA; Schema: public; Owner: postgres
--

COPY public.tracker_student_user_permissions (id, student_id, permission_id) FROM stdin;
\.


--
-- Data for Name: tracker_subject; Type: TABLE DATA; Schema: public; Owner: postgres
--

COPY public.tracker_subject (id, subject_name, subject_code) FROM stdin;
1	Computer Science	CMSC
\.


--
-- Name: account_emailaddress_id_seq; Type: SEQUENCE SET; Schema: public; Owner: postgres
--

SELECT pg_catalog.setval('public.account_emailaddress_id_seq', 1, false);


--
-- Name: account_emailconfirmation_id_seq; Type: SEQUENCE SET; Schema: public; Owner: postgres
--

SELECT pg_catalog.setval('public.account_emailconfirmation_id_seq', 1, false);


--
-- Name: auth_group_id_seq; Type: SEQUENCE SET; Schema: public; Owner: postgres
--

SELECT pg_catalog.setval('public.auth_group_id_seq', 1, false);


--
-- Name: auth_group_permissions_id_seq; Type: SEQUENCE SET; Schema: public; Owner: postgres
--

SELECT pg_catalog.setval('public.auth_group_permissions_id_seq', 1, false);


--
-- Name: auth_permission_id_seq; Type: SEQUENCE SET; Schema: public; Owner: postgres
--

SELECT pg_catalog.setval('public.auth_permission_id_seq', 60, true);


--
-- Name: django_admin_log_id_seq; Type: SEQUENCE SET; Schema: public; Owner: postgres
--

SELECT pg_catalog.setval('public.django_admin_log_id_seq', 11, true);


--
-- Name: django_content_type_id_seq; Type: SEQUENCE SET; Schema: public; Owner: postgres
--

SELECT pg_catalog.setval('public.django_content_type_id_seq', 15, true);


--
-- Name: django_migrations_id_seq; Type: SEQUENCE SET; Schema: public; Owner: postgres
--

SELECT pg_catalog.setval('public.django_migrations_id_seq', 37, true);


--
-- Name: django_site_id_seq; Type: SEQUENCE SET; Schema: public; Owner: postgres
--

SELECT pg_catalog.setval('public.django_site_id_seq', 1, true);


--
-- Name: tracker_college_id_seq; Type: SEQUENCE SET; Schema: public; Owner: postgres
--

SELECT pg_catalog.setval('public.tracker_college_id_seq', 1, true);


--
-- Name: tracker_course_id_seq; Type: SEQUENCE SET; Schema: public; Owner: postgres
--

SELECT pg_catalog.setval('public.tracker_course_id_seq', 2, true);


--
-- Name: tracker_course_prereqs_id_seq; Type: SEQUENCE SET; Schema: public; Owner: postgres
--

SELECT pg_catalog.setval('public.tracker_course_prereqs_id_seq', 1, false);


--
-- Name: tracker_course_sem_offered_id_seq; Type: SEQUENCE SET; Schema: public; Owner: postgres
--

SELECT pg_catalog.setval('public.tracker_course_sem_offered_id_seq', 2, true);


--
-- Name: tracker_degreeprogram_id_seq; Type: SEQUENCE SET; Schema: public; Owner: postgres
--

SELECT pg_catalog.setval('public.tracker_degreeprogram_id_seq', 1, true);


--
-- Name: tracker_department_id_seq; Type: SEQUENCE SET; Schema: public; Owner: postgres
--

SELECT pg_catalog.setval('public.tracker_department_id_seq', 1, true);


--
-- Name: tracker_semester_id_seq; Type: SEQUENCE SET; Schema: public; Owner: postgres
--

SELECT pg_catalog.setval('public.tracker_semester_id_seq', 2, true);


--
-- Name: tracker_student_groups_id_seq; Type: SEQUENCE SET; Schema: public; Owner: postgres
--

SELECT pg_catalog.setval('public.tracker_student_groups_id_seq', 1, false);


--
-- Name: tracker_student_id_seq; Type: SEQUENCE SET; Schema: public; Owner: postgres
--

SELECT pg_catalog.setval('public.tracker_student_id_seq', 37, true);


--
-- Name: tracker_student_shopping_cart_id_seq; Type: SEQUENCE SET; Schema: public; Owner: postgres
--

SELECT pg_catalog.setval('public.tracker_student_shopping_cart_id_seq', 45, true);


--
-- Name: tracker_student_user_permissions_id_seq; Type: SEQUENCE SET; Schema: public; Owner: postgres
--

SELECT pg_catalog.setval('public.tracker_student_user_permissions_id_seq', 1, false);


--
-- Name: tracker_subject_id_seq; Type: SEQUENCE SET; Schema: public; Owner: postgres
--

SELECT pg_catalog.setval('public.tracker_subject_id_seq', 1, true);


--
-- Name: account_emailaddress account_emailaddress_pkey; Type: CONSTRAINT; Schema: public; Owner: postgres
--

ALTER TABLE ONLY public.account_emailaddress
    ADD CONSTRAINT account_emailaddress_pkey PRIMARY KEY (id);


--
-- Name: account_emailaddress account_emailaddress_user_id_email_987c8728_uniq; Type: CONSTRAINT; Schema: public; Owner: postgres
--

ALTER TABLE ONLY public.account_emailaddress
    ADD CONSTRAINT account_emailaddress_user_id_email_987c8728_uniq UNIQUE (user_id, email);


--
-- Name: account_emailconfirmation account_emailconfirmation_key_key; Type: CONSTRAINT; Schema: public; Owner: postgres
--

ALTER TABLE ONLY public.account_emailconfirmation
    ADD CONSTRAINT account_emailconfirmation_key_key UNIQUE (key);


--
-- Name: account_emailconfirmation account_emailconfirmation_pkey; Type: CONSTRAINT; Schema: public; Owner: postgres
--

ALTER TABLE ONLY public.account_emailconfirmation
    ADD CONSTRAINT account_emailconfirmation_pkey PRIMARY KEY (id);


--
-- Name: auth_group auth_group_name_key; Type: CONSTRAINT; Schema: public; Owner: postgres
--

ALTER TABLE ONLY public.auth_group
    ADD CONSTRAINT auth_group_name_key UNIQUE (name);


--
-- Name: auth_group_permissions auth_group_permissions_group_id_permission_id_0cd325b0_uniq; Type: CONSTRAINT; Schema: public; Owner: postgres
--

ALTER TABLE ONLY public.auth_group_permissions
    ADD CONSTRAINT auth_group_permissions_group_id_permission_id_0cd325b0_uniq UNIQUE (group_id, permission_id);


--
-- Name: auth_group_permissions auth_group_permissions_pkey; Type: CONSTRAINT; Schema: public; Owner: postgres
--

ALTER TABLE ONLY public.auth_group_permissions
    ADD CONSTRAINT auth_group_permissions_pkey PRIMARY KEY (id);


--
-- Name: auth_group auth_group_pkey; Type: CONSTRAINT; Schema: public; Owner: postgres
--

ALTER TABLE ONLY public.auth_group
    ADD CONSTRAINT auth_group_pkey PRIMARY KEY (id);


--
-- Name: auth_permission auth_permission_content_type_id_codename_01ab375a_uniq; Type: CONSTRAINT; Schema: public; Owner: postgres
--

ALTER TABLE ONLY public.auth_permission
    ADD CONSTRAINT auth_permission_content_type_id_codename_01ab375a_uniq UNIQUE (content_type_id, codename);


--
-- Name: auth_permission auth_permission_pkey; Type: CONSTRAINT; Schema: public; Owner: postgres
--

ALTER TABLE ONLY public.auth_permission
    ADD CONSTRAINT auth_permission_pkey PRIMARY KEY (id);


--
-- Name: django_admin_log django_admin_log_pkey; Type: CONSTRAINT; Schema: public; Owner: postgres
--

ALTER TABLE ONLY public.django_admin_log
    ADD CONSTRAINT django_admin_log_pkey PRIMARY KEY (id);


--
-- Name: django_content_type django_content_type_app_label_model_76bd3d3b_uniq; Type: CONSTRAINT; Schema: public; Owner: postgres
--

ALTER TABLE ONLY public.django_content_type
    ADD CONSTRAINT django_content_type_app_label_model_76bd3d3b_uniq UNIQUE (app_label, model);


--
-- Name: django_content_type django_content_type_pkey; Type: CONSTRAINT; Schema: public; Owner: postgres
--

ALTER TABLE ONLY public.django_content_type
    ADD CONSTRAINT django_content_type_pkey PRIMARY KEY (id);


--
-- Name: django_migrations django_migrations_pkey; Type: CONSTRAINT; Schema: public; Owner: postgres
--

ALTER TABLE ONLY public.django_migrations
    ADD CONSTRAINT django_migrations_pkey PRIMARY KEY (id);


--
-- Name: django_session django_session_pkey; Type: CONSTRAINT; Schema: public; Owner: postgres
--

ALTER TABLE ONLY public.django_session
    ADD CONSTRAINT django_session_pkey PRIMARY KEY (session_key);


--
-- Name: django_site django_site_domain_a2e37b91_uniq; Type: CONSTRAINT; Schema: public; Owner: postgres
--

ALTER TABLE ONLY public.django_site
    ADD CONSTRAINT django_site_domain_a2e37b91_uniq UNIQUE (domain);


--
-- Name: django_site django_site_pkey; Type: CONSTRAINT; Schema: public; Owner: postgres
--

ALTER TABLE ONLY public.django_site
    ADD CONSTRAINT django_site_pkey PRIMARY KEY (id);


--
-- Name: tracker_college tracker_college_pkey; Type: CONSTRAINT; Schema: public; Owner: postgres
--

ALTER TABLE ONLY public.tracker_college
    ADD CONSTRAINT tracker_college_pkey PRIMARY KEY (id);


--
-- Name: tracker_course tracker_course_pkey; Type: CONSTRAINT; Schema: public; Owner: postgres
--

ALTER TABLE ONLY public.tracker_course
    ADD CONSTRAINT tracker_course_pkey PRIMARY KEY (id);


--
-- Name: tracker_course_prereqs tracker_course_prereqs_from_course_id_to_course_3e362142_uniq; Type: CONSTRAINT; Schema: public; Owner: postgres
--

ALTER TABLE ONLY public.tracker_course_prereqs
    ADD CONSTRAINT tracker_course_prereqs_from_course_id_to_course_3e362142_uniq UNIQUE (from_course_id, to_course_id);


--
-- Name: tracker_course_prereqs tracker_course_prereqs_pkey; Type: CONSTRAINT; Schema: public; Owner: postgres
--

ALTER TABLE ONLY public.tracker_course_prereqs
    ADD CONSTRAINT tracker_course_prereqs_pkey PRIMARY KEY (id);


--
-- Name: tracker_course_sem_offered tracker_course_sem_offered_course_id_semester_id_e65939e2_uniq; Type: CONSTRAINT; Schema: public; Owner: postgres
--

ALTER TABLE ONLY public.tracker_course_sem_offered
    ADD CONSTRAINT tracker_course_sem_offered_course_id_semester_id_e65939e2_uniq UNIQUE (course_id, semester_id);


--
-- Name: tracker_course_sem_offered tracker_course_sem_offered_pkey; Type: CONSTRAINT; Schema: public; Owner: postgres
--

ALTER TABLE ONLY public.tracker_course_sem_offered
    ADD CONSTRAINT tracker_course_sem_offered_pkey PRIMARY KEY (id);


--
-- Name: tracker_degreeprogram tracker_degreeprogram_pkey; Type: CONSTRAINT; Schema: public; Owner: postgres
--

ALTER TABLE ONLY public.tracker_degreeprogram
    ADD CONSTRAINT tracker_degreeprogram_pkey PRIMARY KEY (id);


--
-- Name: tracker_department tracker_department_pkey; Type: CONSTRAINT; Schema: public; Owner: postgres
--

ALTER TABLE ONLY public.tracker_department
    ADD CONSTRAINT tracker_department_pkey PRIMARY KEY (id);


--
-- Name: tracker_semester tracker_semester_pkey; Type: CONSTRAINT; Schema: public; Owner: postgres
--

ALTER TABLE ONLY public.tracker_semester
    ADD CONSTRAINT tracker_semester_pkey PRIMARY KEY (id);


--
-- Name: tracker_student tracker_student_email_key; Type: CONSTRAINT; Schema: public; Owner: postgres
--

ALTER TABLE ONLY public.tracker_student
    ADD CONSTRAINT tracker_student_email_key UNIQUE (email);


--
-- Name: tracker_student_groups tracker_student_groups_pkey; Type: CONSTRAINT; Schema: public; Owner: postgres
--

ALTER TABLE ONLY public.tracker_student_groups
    ADD CONSTRAINT tracker_student_groups_pkey PRIMARY KEY (id);


--
-- Name: tracker_student_groups tracker_student_groups_student_id_group_id_0dd4886f_uniq; Type: CONSTRAINT; Schema: public; Owner: postgres
--

ALTER TABLE ONLY public.tracker_student_groups
    ADD CONSTRAINT tracker_student_groups_student_id_group_id_0dd4886f_uniq UNIQUE (student_id, group_id);


--
-- Name: tracker_student tracker_student_pkey; Type: CONSTRAINT; Schema: public; Owner: postgres
--

ALTER TABLE ONLY public.tracker_student
    ADD CONSTRAINT tracker_student_pkey PRIMARY KEY (id);


--
-- Name: tracker_student_shopping_cart tracker_student_shopping_cart_pkey; Type: CONSTRAINT; Schema: public; Owner: postgres
--

ALTER TABLE ONLY public.tracker_student_shopping_cart
    ADD CONSTRAINT tracker_student_shopping_cart_pkey PRIMARY KEY (id);


--
-- Name: tracker_student_shopping_cart tracker_student_shopping_student_id_course_id_14fd2ef2_uniq; Type: CONSTRAINT; Schema: public; Owner: postgres
--

ALTER TABLE ONLY public.tracker_student_shopping_cart
    ADD CONSTRAINT tracker_student_shopping_student_id_course_id_14fd2ef2_uniq UNIQUE (student_id, course_id);


--
-- Name: tracker_student tracker_student_student_id_f7fe4643_uniq; Type: CONSTRAINT; Schema: public; Owner: postgres
--

ALTER TABLE ONLY public.tracker_student
    ADD CONSTRAINT tracker_student_student_id_f7fe4643_uniq UNIQUE (student_id);


--
-- Name: tracker_student_user_permissions tracker_student_user_per_student_id_permission_id_9ac82915_uniq; Type: CONSTRAINT; Schema: public; Owner: postgres
--

ALTER TABLE ONLY public.tracker_student_user_permissions
    ADD CONSTRAINT tracker_student_user_per_student_id_permission_id_9ac82915_uniq UNIQUE (student_id, permission_id);


--
-- Name: tracker_student_user_permissions tracker_student_user_permissions_pkey; Type: CONSTRAINT; Schema: public; Owner: postgres
--

ALTER TABLE ONLY public.tracker_student_user_permissions
    ADD CONSTRAINT tracker_student_user_permissions_pkey PRIMARY KEY (id);


--
-- Name: tracker_subject tracker_subject_pkey; Type: CONSTRAINT; Schema: public; Owner: postgres
--

ALTER TABLE ONLY public.tracker_subject
    ADD CONSTRAINT tracker_subject_pkey PRIMARY KEY (id);


--
-- Name: account_emailaddress_upper; Type: INDEX; Schema: public; Owner: postgres
--

CREATE INDEX account_emailaddress_upper ON public.account_emailaddress USING btree (upper((email)::text));


--
-- Name: account_emailaddress_user_id_2c513194; Type: INDEX; Schema: public; Owner: postgres
--

CREATE INDEX account_emailaddress_user_id_2c513194 ON public.account_emailaddress USING btree (user_id);


--
-- Name: account_emailconfirmation_email_address_id_5b7f8c58; Type: INDEX; Schema: public; Owner: postgres
--

CREATE INDEX account_emailconfirmation_email_address_id_5b7f8c58 ON public.account_emailconfirmation USING btree (email_address_id);


--
-- Name: account_emailconfirmation_key_f43612bd_like; Type: INDEX; Schema: public; Owner: postgres
--

CREATE INDEX account_emailconfirmation_key_f43612bd_like ON public.account_emailconfirmation USING btree (key varchar_pattern_ops);


--
-- Name: auth_group_name_a6ea08ec_like; Type: INDEX; Schema: public; Owner: postgres
--

CREATE INDEX auth_group_name_a6ea08ec_like ON public.auth_group USING btree (name varchar_pattern_ops);


--
-- Name: auth_group_permissions_group_id_b120cbf9; Type: INDEX; Schema: public; Owner: postgres
--

CREATE INDEX auth_group_permissions_group_id_b120cbf9 ON public.auth_group_permissions USING btree (group_id);


--
-- Name: auth_group_permissions_permission_id_84c5c92e; Type: INDEX; Schema: public; Owner: postgres
--

CREATE INDEX auth_group_permissions_permission_id_84c5c92e ON public.auth_group_permissions USING btree (permission_id);


--
-- Name: auth_permission_content_type_id_2f476e4b; Type: INDEX; Schema: public; Owner: postgres
--

CREATE INDEX auth_permission_content_type_id_2f476e4b ON public.auth_permission USING btree (content_type_id);


--
-- Name: django_admin_log_content_type_id_c4bce8eb; Type: INDEX; Schema: public; Owner: postgres
--

CREATE INDEX django_admin_log_content_type_id_c4bce8eb ON public.django_admin_log USING btree (content_type_id);


--
-- Name: django_admin_log_user_id_c564eba6; Type: INDEX; Schema: public; Owner: postgres
--

CREATE INDEX django_admin_log_user_id_c564eba6 ON public.django_admin_log USING btree (user_id);


--
-- Name: django_session_expire_date_a5c62663; Type: INDEX; Schema: public; Owner: postgres
--

CREATE INDEX django_session_expire_date_a5c62663 ON public.django_session USING btree (expire_date);


--
-- Name: django_session_session_key_c0390e0f_like; Type: INDEX; Schema: public; Owner: postgres
--

CREATE INDEX django_session_session_key_c0390e0f_like ON public.django_session USING btree (session_key varchar_pattern_ops);


--
-- Name: django_site_domain_a2e37b91_like; Type: INDEX; Schema: public; Owner: postgres
--

CREATE INDEX django_site_domain_a2e37b91_like ON public.django_site USING btree (domain varchar_pattern_ops);


--
-- Name: tracker_course_department_id_6b8efc8d; Type: INDEX; Schema: public; Owner: postgres
--

CREATE INDEX tracker_course_department_id_6b8efc8d ON public.tracker_course USING btree (department_id);


--
-- Name: tracker_course_prereqs_from_course_id_c5ea025b; Type: INDEX; Schema: public; Owner: postgres
--

CREATE INDEX tracker_course_prereqs_from_course_id_c5ea025b ON public.tracker_course_prereqs USING btree (from_course_id);


--
-- Name: tracker_course_prereqs_to_course_id_4c7a422f; Type: INDEX; Schema: public; Owner: postgres
--

CREATE INDEX tracker_course_prereqs_to_course_id_4c7a422f ON public.tracker_course_prereqs USING btree (to_course_id);


--
-- Name: tracker_course_sem_offered_course_id_c394e9fd; Type: INDEX; Schema: public; Owner: postgres
--

CREATE INDEX tracker_course_sem_offered_course_id_c394e9fd ON public.tracker_course_sem_offered USING btree (course_id);


--
-- Name: tracker_course_sem_offered_semester_id_06e2bdb6; Type: INDEX; Schema: public; Owner: postgres
--

CREATE INDEX tracker_course_sem_offered_semester_id_06e2bdb6 ON public.tracker_course_sem_offered USING btree (semester_id);


--
-- Name: tracker_course_subject_code_id_38de5b72; Type: INDEX; Schema: public; Owner: postgres
--

CREATE INDEX tracker_course_subject_code_id_38de5b72 ON public.tracker_course USING btree (subject_code_id);


--
-- Name: tracker_degreeprogram_college_id_7baa4554; Type: INDEX; Schema: public; Owner: postgres
--

CREATE INDEX tracker_degreeprogram_college_id_7baa4554 ON public.tracker_degreeprogram USING btree (college_id);


--
-- Name: tracker_department_college_id_7dca74e8; Type: INDEX; Schema: public; Owner: postgres
--

CREATE INDEX tracker_department_college_id_7dca74e8 ON public.tracker_department USING btree (college_id);


--
-- Name: tracker_student_deg_prog_id_b09e8f16; Type: INDEX; Schema: public; Owner: postgres
--

CREATE INDEX tracker_student_deg_prog_id_b09e8f16 ON public.tracker_student USING btree (deg_prog_id);


--
-- Name: tracker_student_email_67ccb4a8_like; Type: INDEX; Schema: public; Owner: postgres
--

CREATE INDEX tracker_student_email_67ccb4a8_like ON public.tracker_student USING btree (email varchar_pattern_ops);


--
-- Name: tracker_student_groups_group_id_3b91ba71; Type: INDEX; Schema: public; Owner: postgres
--

CREATE INDEX tracker_student_groups_group_id_3b91ba71 ON public.tracker_student_groups USING btree (group_id);


--
-- Name: tracker_student_groups_student_id_3b5bf592; Type: INDEX; Schema: public; Owner: postgres
--

CREATE INDEX tracker_student_groups_student_id_3b5bf592 ON public.tracker_student_groups USING btree (student_id);


--
-- Name: tracker_student_shopping_cart_course_id_d37d0b58; Type: INDEX; Schema: public; Owner: postgres
--

CREATE INDEX tracker_student_shopping_cart_course_id_d37d0b58 ON public.tracker_student_shopping_cart USING btree (course_id);


--
-- Name: tracker_student_shopping_cart_student_id_5bd221ad; Type: INDEX; Schema: public; Owner: postgres
--

CREATE INDEX tracker_student_shopping_cart_student_id_5bd221ad ON public.tracker_student_shopping_cart USING btree (student_id);


--
-- Name: tracker_student_student_id_f7fe4643_like; Type: INDEX; Schema: public; Owner: postgres
--

CREATE INDEX tracker_student_student_id_f7fe4643_like ON public.tracker_student USING btree (student_id varchar_pattern_ops);


--
-- Name: tracker_student_user_permissions_permission_id_79c9ab41; Type: INDEX; Schema: public; Owner: postgres
--

CREATE INDEX tracker_student_user_permissions_permission_id_79c9ab41 ON public.tracker_student_user_permissions USING btree (permission_id);


--
-- Name: tracker_student_user_permissions_student_id_cacf50c8; Type: INDEX; Schema: public; Owner: postgres
--

CREATE INDEX tracker_student_user_permissions_student_id_cacf50c8 ON public.tracker_student_user_permissions USING btree (student_id);


--
-- Name: unique_verified_email; Type: INDEX; Schema: public; Owner: postgres
--

CREATE UNIQUE INDEX unique_verified_email ON public.account_emailaddress USING btree (email) WHERE verified;


--
-- Name: account_emailaddress account_emailaddress_user_id_2c513194_fk_tracker_student_id; Type: FK CONSTRAINT; Schema: public; Owner: postgres
--

ALTER TABLE ONLY public.account_emailaddress
    ADD CONSTRAINT account_emailaddress_user_id_2c513194_fk_tracker_student_id FOREIGN KEY (user_id) REFERENCES public.tracker_student(id) DEFERRABLE INITIALLY DEFERRED;


--
-- Name: account_emailconfirmation account_emailconfirm_email_address_id_5b7f8c58_fk_account_e; Type: FK CONSTRAINT; Schema: public; Owner: postgres
--

ALTER TABLE ONLY public.account_emailconfirmation
    ADD CONSTRAINT account_emailconfirm_email_address_id_5b7f8c58_fk_account_e FOREIGN KEY (email_address_id) REFERENCES public.account_emailaddress(id) DEFERRABLE INITIALLY DEFERRED;


--
-- Name: auth_group_permissions auth_group_permissio_permission_id_84c5c92e_fk_auth_perm; Type: FK CONSTRAINT; Schema: public; Owner: postgres
--

ALTER TABLE ONLY public.auth_group_permissions
    ADD CONSTRAINT auth_group_permissio_permission_id_84c5c92e_fk_auth_perm FOREIGN KEY (permission_id) REFERENCES public.auth_permission(id) DEFERRABLE INITIALLY DEFERRED;


--
-- Name: auth_group_permissions auth_group_permissions_group_id_b120cbf9_fk_auth_group_id; Type: FK CONSTRAINT; Schema: public; Owner: postgres
--

ALTER TABLE ONLY public.auth_group_permissions
    ADD CONSTRAINT auth_group_permissions_group_id_b120cbf9_fk_auth_group_id FOREIGN KEY (group_id) REFERENCES public.auth_group(id) DEFERRABLE INITIALLY DEFERRED;


--
-- Name: auth_permission auth_permission_content_type_id_2f476e4b_fk_django_co; Type: FK CONSTRAINT; Schema: public; Owner: postgres
--

ALTER TABLE ONLY public.auth_permission
    ADD CONSTRAINT auth_permission_content_type_id_2f476e4b_fk_django_co FOREIGN KEY (content_type_id) REFERENCES public.django_content_type(id) DEFERRABLE INITIALLY DEFERRED;


--
-- Name: django_admin_log django_admin_log_content_type_id_c4bce8eb_fk_django_co; Type: FK CONSTRAINT; Schema: public; Owner: postgres
--

ALTER TABLE ONLY public.django_admin_log
    ADD CONSTRAINT django_admin_log_content_type_id_c4bce8eb_fk_django_co FOREIGN KEY (content_type_id) REFERENCES public.django_content_type(id) DEFERRABLE INITIALLY DEFERRED;


--
-- Name: django_admin_log django_admin_log_user_id_c564eba6_fk_tracker_student_id; Type: FK CONSTRAINT; Schema: public; Owner: postgres
--

ALTER TABLE ONLY public.django_admin_log
    ADD CONSTRAINT django_admin_log_user_id_c564eba6_fk_tracker_student_id FOREIGN KEY (user_id) REFERENCES public.tracker_student(id) DEFERRABLE INITIALLY DEFERRED;


--
-- Name: tracker_course tracker_course_department_id_6b8efc8d_fk_tracker_department_id; Type: FK CONSTRAINT; Schema: public; Owner: postgres
--

ALTER TABLE ONLY public.tracker_course
    ADD CONSTRAINT tracker_course_department_id_6b8efc8d_fk_tracker_department_id FOREIGN KEY (department_id) REFERENCES public.tracker_department(id) DEFERRABLE INITIALLY DEFERRED;


--
-- Name: tracker_course_prereqs tracker_course_prere_from_course_id_c5ea025b_fk_tracker_c; Type: FK CONSTRAINT; Schema: public; Owner: postgres
--

ALTER TABLE ONLY public.tracker_course_prereqs
    ADD CONSTRAINT tracker_course_prere_from_course_id_c5ea025b_fk_tracker_c FOREIGN KEY (from_course_id) REFERENCES public.tracker_course(id) DEFERRABLE INITIALLY DEFERRED;


--
-- Name: tracker_course_prereqs tracker_course_prere_to_course_id_4c7a422f_fk_tracker_c; Type: FK CONSTRAINT; Schema: public; Owner: postgres
--

ALTER TABLE ONLY public.tracker_course_prereqs
    ADD CONSTRAINT tracker_course_prere_to_course_id_4c7a422f_fk_tracker_c FOREIGN KEY (to_course_id) REFERENCES public.tracker_course(id) DEFERRABLE INITIALLY DEFERRED;


--
-- Name: tracker_course_sem_offered tracker_course_sem_o_course_id_c394e9fd_fk_tracker_c; Type: FK CONSTRAINT; Schema: public; Owner: postgres
--

ALTER TABLE ONLY public.tracker_course_sem_offered
    ADD CONSTRAINT tracker_course_sem_o_course_id_c394e9fd_fk_tracker_c FOREIGN KEY (course_id) REFERENCES public.tracker_course(id) DEFERRABLE INITIALLY DEFERRED;


--
-- Name: tracker_course_sem_offered tracker_course_sem_o_semester_id_06e2bdb6_fk_tracker_s; Type: FK CONSTRAINT; Schema: public; Owner: postgres
--

ALTER TABLE ONLY public.tracker_course_sem_offered
    ADD CONSTRAINT tracker_course_sem_o_semester_id_06e2bdb6_fk_tracker_s FOREIGN KEY (semester_id) REFERENCES public.tracker_semester(id) DEFERRABLE INITIALLY DEFERRED;


--
-- Name: tracker_course tracker_course_subject_code_id_38de5b72_fk_tracker_subject_id; Type: FK CONSTRAINT; Schema: public; Owner: postgres
--

ALTER TABLE ONLY public.tracker_course
    ADD CONSTRAINT tracker_course_subject_code_id_38de5b72_fk_tracker_subject_id FOREIGN KEY (subject_code_id) REFERENCES public.tracker_subject(id) DEFERRABLE INITIALLY DEFERRED;


--
-- Name: tracker_degreeprogram tracker_degreeprogram_college_id_7baa4554_fk_tracker_college_id; Type: FK CONSTRAINT; Schema: public; Owner: postgres
--

ALTER TABLE ONLY public.tracker_degreeprogram
    ADD CONSTRAINT tracker_degreeprogram_college_id_7baa4554_fk_tracker_college_id FOREIGN KEY (college_id) REFERENCES public.tracker_college(id) DEFERRABLE INITIALLY DEFERRED;


--
-- Name: tracker_department tracker_department_college_id_7dca74e8_fk_tracker_college_id; Type: FK CONSTRAINT; Schema: public; Owner: postgres
--

ALTER TABLE ONLY public.tracker_department
    ADD CONSTRAINT tracker_department_college_id_7dca74e8_fk_tracker_college_id FOREIGN KEY (college_id) REFERENCES public.tracker_college(id) DEFERRABLE INITIALLY DEFERRED;


--
-- Name: tracker_student tracker_student_deg_prog_id_b09e8f16_fk_tracker_d; Type: FK CONSTRAINT; Schema: public; Owner: postgres
--

ALTER TABLE ONLY public.tracker_student
    ADD CONSTRAINT tracker_student_deg_prog_id_b09e8f16_fk_tracker_d FOREIGN KEY (deg_prog_id) REFERENCES public.tracker_degreeprogram(id) DEFERRABLE INITIALLY DEFERRED;


--
-- Name: tracker_student_groups tracker_student_grou_student_id_3b5bf592_fk_tracker_s; Type: FK CONSTRAINT; Schema: public; Owner: postgres
--

ALTER TABLE ONLY public.tracker_student_groups
    ADD CONSTRAINT tracker_student_grou_student_id_3b5bf592_fk_tracker_s FOREIGN KEY (student_id) REFERENCES public.tracker_student(id) DEFERRABLE INITIALLY DEFERRED;


--
-- Name: tracker_student_groups tracker_student_groups_group_id_3b91ba71_fk_auth_group_id; Type: FK CONSTRAINT; Schema: public; Owner: postgres
--

ALTER TABLE ONLY public.tracker_student_groups
    ADD CONSTRAINT tracker_student_groups_group_id_3b91ba71_fk_auth_group_id FOREIGN KEY (group_id) REFERENCES public.auth_group(id) DEFERRABLE INITIALLY DEFERRED;


--
-- Name: tracker_student_shopping_cart tracker_student_shop_course_id_d37d0b58_fk_tracker_c; Type: FK CONSTRAINT; Schema: public; Owner: postgres
--

ALTER TABLE ONLY public.tracker_student_shopping_cart
    ADD CONSTRAINT tracker_student_shop_course_id_d37d0b58_fk_tracker_c FOREIGN KEY (course_id) REFERENCES public.tracker_course(id) DEFERRABLE INITIALLY DEFERRED;


--
-- Name: tracker_student_shopping_cart tracker_student_shop_student_id_5bd221ad_fk_tracker_s; Type: FK CONSTRAINT; Schema: public; Owner: postgres
--

ALTER TABLE ONLY public.tracker_student_shopping_cart
    ADD CONSTRAINT tracker_student_shop_student_id_5bd221ad_fk_tracker_s FOREIGN KEY (student_id) REFERENCES public.tracker_student(id) DEFERRABLE INITIALLY DEFERRED;


--
-- Name: tracker_student_user_permissions tracker_student_user_permission_id_79c9ab41_fk_auth_perm; Type: FK CONSTRAINT; Schema: public; Owner: postgres
--

ALTER TABLE ONLY public.tracker_student_user_permissions
    ADD CONSTRAINT tracker_student_user_permission_id_79c9ab41_fk_auth_perm FOREIGN KEY (permission_id) REFERENCES public.auth_permission(id) DEFERRABLE INITIALLY DEFERRED;


--
-- Name: tracker_student_user_permissions tracker_student_user_student_id_cacf50c8_fk_tracker_s; Type: FK CONSTRAINT; Schema: public; Owner: postgres
--

ALTER TABLE ONLY public.tracker_student_user_permissions
    ADD CONSTRAINT tracker_student_user_student_id_cacf50c8_fk_tracker_s FOREIGN KEY (student_id) REFERENCES public.tracker_student(id) DEFERRABLE INITIALLY DEFERRED;


--
-- PostgreSQL database dump complete
--

